{"straight": {"left": 0, "right": 0, "left_x": 0.5, "left_y": 0.5, "right_x": 0.5, "right_y": 0.5}, "left": {"left": 10.062405586242676, "right": 8.321758270263672, "left_x": 0.2, "left_y": 0.45, "right_x": 0.8297872340425532, "right_y": 0.45}, "right": {"left": 7.985778299967448, "right": 9.991284084320068, "left_x": 0.8197352162498863, "left_y": 0.3868048618048618, "right_x": 0.71619074340047, "right_y": 0.45971944721944724}, "up": {"left": 0, "right": 0, "left_x": 0.5, "left_y": 0.5, "right_x": 0.5, "right_y": 0.5}, "down": {"left": 0, "right": 0, "left_x": 0.5, "left_y": 0.5, "right_x": 0.5, "right_y": 0.5}}